"104.211.191.106:22342,2023-03-16 16:50:45",India
"104.211.191.106:22336,2023-03-16 16:51:30",India
"49.204.230.68:45615,2023-03-16 17:09:24",India
"49.204.230.68:45615,2023-03-16 17:09:27",India
"49.204.230.68:45615,2023-03-16 17:09:29",India
"49.204.230.68:45615,2023-03-16 17:09:32",India
"49.204.230.68:45615,2023-03-16 17:09:44",India
"157.48.182.83:56738,2023-03-17 05:49:03",India
"223.187.30.179:10344,2023-03-17 05:49:10",India
"106.195.78.140:64510,2023-03-17 05:49:17",India
"106.195.78.140:64512,2023-03-17 05:50:09",India
"157.48.203.198:61557,2023-03-17 05:50:31",India
"106.195.78.140:34345,2023-03-17 05:51:17",India
"223.187.12.228:54130,2023-03-17 05:51:21",India
"223.187.66.147:17670,2023-03-17 05:51:21",India
"43.241.31.4:62708,2023-03-17 05:51:23",India
"203.171.242.5:49132,2023-03-17 05:51:25",India
"157.47.115.107:46048,2023-03-17 05:51:27",India
"223.187.66.147:17670,2023-03-17 05:51:35",India
"157.48.183.65:5504,2023-03-17 05:51:49",India
"157.47.13.21:39950,2023-03-17 05:51:52",India
"223.185.86.168:39914,2023-03-17 05:52:11",India
"103.51.25.229:50860,2023-03-17 05:52:18",India
"223.187.27.156:34934,2023-03-17 05:54:19",India
"223.187.27.156:34934,2023-03-17 05:54:23",India
"223.187.27.156:34934,2023-03-17 05:54:29",India
"157.47.16.116:48296,2023-03-17 05:55:21",India
"152.58.233.98:40354,2023-03-17 05:56:15",India
"106.195.78.140:48192,2023-03-17 05:57:20",India
"27.59.219.125:19452,2023-03-17 05:57:23",India
"157.48.131.216:39260,2023-03-17 05:57:28",India
"103.162.189.227:44648,2023-03-17 05:57:29",India
"157.47.115.107:46162,2023-03-17 05:57:29",India
"157.47.32.143:36066,2023-03-17 05:57:31",India
"103.162.189.227:44648,2023-03-17 05:57:31",India
"103.162.189.227:44648,2023-03-17 05:57:33",India
"157.47.32.143:36066,2023-03-17 05:57:36",India
"157.48.131.216:39260,2023-03-17 05:57:44",India
"157.47.32.143:36066,2023-03-17 05:57:45",India
"157.47.32.143:36066,2023-03-17 05:57:52",India
"223.187.66.147:20844,2023-03-17 05:58:24",India
"117.99.198.171:45300,2023-03-17 05:58:31",India
"157.48.68.35:37076,2023-03-17 05:59:06",India
"106.195.78.140:42295,2023-03-17 06:02:01",India
"157.48.182.83:56848,2023-03-17 06:02:31",India
"117.202.254.56:21911,2023-03-17 06:02:40",India
"157.48.182.83:56848,2023-03-17 06:02:46",India
"103.162.189.227:46688,2023-03-17 06:02:54",India
"157.48.182.83:56848,2023-03-17 06:03:08",India
"157.48.182.83:56848,2023-03-17 06:03:11",India
"157.48.182.83:56848,2023-03-17 06:03:17",India
"157.48.182.83:56848,2023-03-17 06:03:19",India
"157.48.182.83:56848,2023-03-17 06:03:22",India
"157.48.182.83:56848,2023-03-17 06:03:24",India
"157.48.182.83:56848,2023-03-17 06:03:27",India
"157.48.182.83:56848,2023-03-17 06:03:34",India
"157.48.182.83:56848,2023-03-17 06:03:37",India
"157.48.182.83:56848,2023-03-17 06:03:41",India
"157.48.182.83:56848,2023-03-17 06:03:45",India
"157.48.182.83:56848,2023-03-17 06:03:46",India
"223.185.107.226:60092,2023-03-17 06:04:51",India
"106.195.78.140:39703,2023-03-17 06:06:54",India
"106.195.78.140:39703,2023-03-17 06:06:58",India
"106.195.78.140:39703,2023-03-17 06:07:12",India
"106.195.78.140:39703,2023-03-17 06:07:15",India
"157.48.182.83:56966,2023-03-17 06:08:35",India
"157.48.182.83:56966,2023-03-17 06:08:36",India
"157.48.182.83:56966,2023-03-17 06:08:38",India
"157.48.182.83:56966,2023-03-17 06:08:39",India
"157.48.182.83:56966,2023-03-17 06:08:41",India
"157.48.182.83:56966,2023-03-17 06:08:42",India
"157.48.182.83:56966,2023-03-17 06:08:43",India
"157.48.182.83:56966,2023-03-17 06:08:46",India
"157.48.182.83:56968,2023-03-17 06:08:47",India
"157.48.182.83:56968,2023-03-17 06:08:49",India
"157.48.182.83:56968,2023-03-17 06:08:51",India
"157.48.182.83:56968,2023-03-17 06:08:53",India
"157.48.182.83:56968,2023-03-17 06:08:54",India
"106.195.78.140:45337,2023-03-17 06:08:59",India
"106.195.78.140:45337,2023-03-17 06:08:59",India
"106.195.78.140:64523,2023-03-17 06:13:49",India
"157.48.182.83:57026,2023-03-17 06:16:59",India
"157.47.98.160:50458,2023-03-17 06:17:31",India
"157.47.98.160:50458,2023-03-17 06:17:42",India
"157.48.192.66:50570,2023-03-17 06:28:16",India
"106.195.77.207:63593,2023-03-17 06:31:46",India
"223.187.53.83:62001,2023-03-17 06:34:15",India
"106.195.77.207:54514,2023-03-17 06:36:04",India
"104.211.191.106:22400,2023-03-17 06:38:47",India
"117.249.201.97:15927,2023-03-17 06:40:25",India
"104.211.191.106:22400,2023-03-17 06:45:40",India
"104.211.191.106:22336,2023-03-17 06:46:57",India
"157.48.170.144:45820,2023-03-17 06:50:37",India
"157.48.170.144:45820,2023-03-17 06:51:09",India
"223.187.53.83:62008,2023-03-17 06:51:37",India
"223.185.110.204:36114,2023-03-17 07:07:11",India
"223.185.110.204:36116,2023-03-17 07:07:11",India
"117.249.201.97:16680,2023-03-17 07:13:51",India
"117.249.201.97:16680,2023-03-17 07:13:54",India
"117.249.201.97:16680,2023-03-17 07:14:05",India
"117.249.201.97:18038,2023-03-17 08:11:41",India
"104.211.191.106:22336,2023-03-17 08:13:03",India
"157.48.147.140:59061,2023-03-17 08:33:24",India
"117.246.133.117:56305,2023-03-17 08:43:00",India
"103.162.189.227:60108,2023-03-17 09:13:09",India
"117.246.133.117:56934,2023-03-17 09:15:17",India
"157.47.23.179:53800,2023-03-17 11:51:55",India
"157.47.23.179:53800,2023-03-17 11:51:58",India
"157.47.23.179:53800,2023-03-17 11:51:59",India
"157.47.23.179:53800,2023-03-17 11:52:01",India
"49.204.228.15:60372,2023-03-18 02:08:51",India
"49.204.228.15:60372,2023-03-18 02:08:53",India
"49.204.228.15:60372,2023-03-18 02:08:54",India
"49.204.228.15:60372,2023-03-18 02:08:56",India
"49.204.228.15:60372,2023-03-18 02:08:57",India
"49.204.228.15:60372,2023-03-18 02:08:58",India
"106.195.73.63:49136,2023-03-19 01:02:56",India
"49.204.231.29:32247,2023-03-19 16:24:13",India
"157.48.151.123:39588,2023-03-23 02:25:51",India
"157.48.137.141:41680,2023-03-23 17:40:04",India
