49.204.224.20:49894,2023-03-28 13:27:05
49.204.224.20:49894,2023-03-28 13:27:08
117.246.241.71:7879,2023-03-31 08:49:03
117.246.241.71:7879,2023-03-31 08:50:49
117.246.241.71:8052,2023-03-31 08:55:22
117.246.241.71:8052,2023-03-31 08:55:26
117.246.241.71:8052,2023-03-31 08:56:30
117.246.241.71:8052,2023-03-31 08:56:31
117.246.241.71:8052,2023-03-31 08:56:32
117.246.241.71:8052,2023-03-31 08:56:33
117.246.241.71:8093,2023-03-31 08:56:34
117.246.241.71:8094,2023-03-31 08:56:34
117.246.241.71:8094,2023-03-31 08:56:35
117.246.241.71:8094,2023-03-31 08:56:36
117.246.241.71:8094,2023-03-31 08:56:37
117.246.241.71:8094,2023-03-31 08:56:37
117.246.241.71:8094,2023-03-31 08:56:38
117.246.241.71:8094,2023-03-31 08:56:39
117.246.241.71:8094,2023-03-31 08:56:40
117.246.241.71:8094,2023-03-31 08:56:41
117.246.241.71:8094,2023-03-31 08:56:42
117.246.241.71:8094,2023-03-31 08:56:42
117.246.241.71:8094,2023-03-31 08:56:43
117.246.241.71:8094,2023-03-31 08:56:44
117.246.241.71:8094,2023-03-31 08:56:45
117.246.241.71:8094,2023-03-31 08:56:45
117.246.241.71:8094,2023-03-31 08:56:46
117.246.241.71:8094,2023-03-31 08:56:46
117.246.241.71:8233,2023-03-31 09:01:27
117.246.241.71:8233,2023-03-31 09:01:29
117.246.241.71:8233,2023-03-31 09:01:46
117.246.241.71:8233,2023-03-31 09:01:50
117.246.241.71:8233,2023-03-31 09:01:52
117.246.241.71:8233,2023-03-31 09:01:53
117.246.241.71:8233,2023-03-31 09:02:05
117.246.241.71:8233,2023-03-31 09:02:06
117.246.241.71:8233,2023-03-31 09:02:23
117.246.241.71:8233,2023-03-31 09:02:25
117.246.241.71:8233,2023-03-31 09:02:26
117.246.241.71:8233,2023-03-31 09:02:28
117.246.241.71:8233,2023-03-31 09:02:29
117.246.241.71:8233,2023-03-31 09:02:31
117.246.241.71:8233,2023-03-31 09:02:32
117.246.241.71:8233,2023-03-31 09:02:44
117.246.241.71:8233,2023-03-31 09:03:01
117.246.241.71:8233,2023-03-31 09:03:03
117.246.241.71:8233,2023-03-31 09:03:04
117.246.241.71:8233,2023-03-31 09:03:05
117.246.241.71:8233,2023-03-31 09:03:06
117.246.241.71:8233,2023-03-31 09:03:08
117.246.241.71:8233,2023-03-31 09:03:09
117.246.241.71:8233,2023-03-31 09:03:11
117.246.241.71:8233,2023-03-31 09:03:12
117.246.241.71:8233,2023-03-31 09:03:14
117.246.241.71:8233,2023-03-31 09:03:15
117.246.241.71:8233,2023-03-31 09:03:17
117.246.241.71:8233,2023-03-31 09:03:18
117.246.241.71:8233,2023-03-31 09:03:19
117.246.241.71:8233,2023-03-31 09:03:20
117.246.241.71:8233,2023-03-31 09:03:21
117.246.241.71:8233,2023-03-31 09:03:24
117.246.241.71:8233,2023-03-31 09:03:29
117.246.241.71:8812,2023-03-31 09:20:27
103.162.189.228:57008,2023-04-06 04:47:12
103.162.189.228:57008,2023-04-06 04:49:06
49.204.227.181:45281,2023-04-06 13:19:15
95.214.235.135:47642,2023-04-07 06:01:35
89.187.173.68:51318,2023-04-07 12:13:56
89.187.173.68:51298,2023-04-07 12:13:56
89.187.173.68:51304,2023-04-07 12:13:56
89.187.173.68:51322,2023-04-07 12:13:56
89.187.173.68:38858,2023-04-07 12:13:57
89.187.173.68:38858,2023-04-07 12:13:59
89.187.173.68:38858,2023-04-07 12:14:01
89.187.173.68:38858,2023-04-07 12:14:03
89.187.173.68:38858,2023-04-07 12:14:06
89.187.173.68:38858,2023-04-07 12:14:07
89.187.173.68:38858,2023-04-07 12:15:13
195.181.164.34:46852,2023-04-07 12:16:08
195.181.164.34:46852,2023-04-07 12:16:10
195.181.164.34:46852,2023-04-07 12:16:11
195.181.164.34:46852,2023-04-07 12:16:13
195.181.164.34:46852,2023-04-07 12:16:14
195.181.164.34:46852,2023-04-07 12:16:15
195.181.164.34:46852,2023-04-07 12:16:16
195.181.164.34:46852,2023-04-07 12:16:18
195.181.164.34:46852,2023-04-07 12:16:19
195.181.164.34:46852,2023-04-07 12:16:20
195.181.164.34:46852,2023-04-07 12:16:21
195.181.164.34:46852,2023-04-07 12:16:22
195.181.164.34:46852,2023-04-07 12:16:23
195.181.164.34:46852,2023-04-07 12:16:23
195.181.164.34:46852,2023-04-07 12:16:24
195.181.164.34:46852,2023-04-07 12:16:25
185.185.51.167:56844,2023-04-07 12:16:37
185.185.51.167:56844,2023-04-07 12:16:39
185.185.51.167:56844,2023-04-07 12:16:42
185.185.51.167:56844,2023-04-07 12:16:44
185.185.51.167:56844,2023-04-07 12:16:46
185.185.51.167:56844,2023-04-07 12:16:50
185.185.51.167:56844,2023-04-07 12:16:53
185.185.51.167:56844,2023-04-07 12:16:55
185.185.51.167:56844,2023-04-07 12:16:56
185.185.51.167:56844,2023-04-07 12:16:59
185.185.51.167:56844,2023-04-07 12:17:03
185.185.51.167:56844,2023-04-07 12:17:05
185.185.51.167:56844,2023-04-07 12:17:07
185.185.51.167:56844,2023-04-07 12:17:08
185.185.51.167:56844,2023-04-07 12:17:10
185.185.51.167:56844,2023-04-07 12:17:11
185.185.51.167:56844,2023-04-07 12:17:13
185.185.51.167:56844,2023-04-07 12:17:14
185.185.51.167:56844,2023-04-07 12:17:17
45.136.153.58:36104,2023-04-07 12:17:33
45.136.153.58:36120,2023-04-07 12:17:33
45.136.153.58:36120,2023-04-07 12:17:35
45.136.153.58:36120,2023-04-07 12:17:37
45.136.153.58:36120,2023-04-07 12:17:38
45.136.153.58:36120,2023-04-07 12:17:39
45.136.153.58:36120,2023-04-07 12:17:44
45.136.153.58:36120,2023-04-07 12:17:45
45.136.153.58:36120,2023-04-07 12:17:48
45.136.153.58:36120,2023-04-07 12:17:50
80.79.6.117:46132,2023-04-07 12:18:01
80.79.6.117:46132,2023-04-07 12:18:02
80.79.6.117:46132,2023-04-07 12:18:04
80.79.6.117:46132,2023-04-07 12:18:05
80.79.6.117:46132,2023-04-07 12:18:08
80.79.6.117:46132,2023-04-07 12:18:09
80.79.6.117:46132,2023-04-07 12:18:10
80.79.6.117:46132,2023-04-07 12:18:11
