Country,Visitors
India,"49.204.224.20:49894,2023-03-28 13:27:05"
India,"49.204.224.20:49894,2023-03-28 13:27:08"
India,"117.246.241.71:7879,2023-03-31 08:49:03"
India,"117.246.241.71:7879,2023-03-31 08:50:49"
India,"117.246.241.71:8052,2023-03-31 08:55:22"
India,"117.246.241.71:8052,2023-03-31 08:55:26"
India,"117.246.241.71:8052,2023-03-31 08:56:30"
India,"117.246.241.71:8052,2023-03-31 08:56:31"
India,"117.246.241.71:8052,2023-03-31 08:56:32"
India,"117.246.241.71:8052,2023-03-31 08:56:33"
India,"117.246.241.71:8093,2023-03-31 08:56:34"
India,"117.246.241.71:8094,2023-03-31 08:56:34"
India,"117.246.241.71:8094,2023-03-31 08:56:35"
India,"117.246.241.71:8094,2023-03-31 08:56:36"
India,"117.246.241.71:8094,2023-03-31 08:56:37"
India,"117.246.241.71:8094,2023-03-31 08:56:37"
India,"117.246.241.71:8094,2023-03-31 08:56:38"
India,"117.246.241.71:8094,2023-03-31 08:56:39"
India,"117.246.241.71:8094,2023-03-31 08:56:40"
India,"117.246.241.71:8094,2023-03-31 08:56:41"
India,"117.246.241.71:8094,2023-03-31 08:56:42"
India,"117.246.241.71:8094,2023-03-31 08:56:42"
India,"117.246.241.71:8094,2023-03-31 08:56:43"
India,"117.246.241.71:8094,2023-03-31 08:56:44"
India,"117.246.241.71:8094,2023-03-31 08:56:45"
India,"117.246.241.71:8094,2023-03-31 08:56:45"
India,"117.246.241.71:8094,2023-03-31 08:56:46"
India,"117.246.241.71:8094,2023-03-31 08:56:46"
India,"117.246.241.71:8233,2023-03-31 09:01:27"
India,"117.246.241.71:8233,2023-03-31 09:01:29"
India,"117.246.241.71:8233,2023-03-31 09:01:46"
India,"117.246.241.71:8233,2023-03-31 09:01:50"
India,"117.246.241.71:8233,2023-03-31 09:01:52"
India,"117.246.241.71:8233,2023-03-31 09:01:53"
India,"117.246.241.71:8233,2023-03-31 09:02:05"
India,"117.246.241.71:8233,2023-03-31 09:02:06"
India,"117.246.241.71:8233,2023-03-31 09:02:23"
India,"117.246.241.71:8233,2023-03-31 09:02:25"
India,"117.246.241.71:8233,2023-03-31 09:02:26"
India,"117.246.241.71:8233,2023-03-31 09:02:28"
India,"117.246.241.71:8233,2023-03-31 09:02:29"
India,"117.246.241.71:8233,2023-03-31 09:02:31"
India,"117.246.241.71:8233,2023-03-31 09:02:32"
India,"117.246.241.71:8233,2023-03-31 09:02:44"
India,"117.246.241.71:8233,2023-03-31 09:03:01"
India,"117.246.241.71:8233,2023-03-31 09:03:03"
India,"117.246.241.71:8233,2023-03-31 09:03:04"
India,"117.246.241.71:8233,2023-03-31 09:03:05"
India,"117.246.241.71:8233,2023-03-31 09:03:06"
India,"117.246.241.71:8233,2023-03-31 09:03:08"
India,"117.246.241.71:8233,2023-03-31 09:03:09"
India,"117.246.241.71:8233,2023-03-31 09:03:11"
India,"117.246.241.71:8233,2023-03-31 09:03:12"
India,"117.246.241.71:8233,2023-03-31 09:03:14"
India,"117.246.241.71:8233,2023-03-31 09:03:15"
India,"117.246.241.71:8233,2023-03-31 09:03:17"
India,"117.246.241.71:8233,2023-03-31 09:03:18"
India,"117.246.241.71:8233,2023-03-31 09:03:19"
India,"117.246.241.71:8233,2023-03-31 09:03:20"
India,"117.246.241.71:8233,2023-03-31 09:03:21"
India,"117.246.241.71:8233,2023-03-31 09:03:24"
India,"117.246.241.71:8233,2023-03-31 09:03:29"
India,"117.246.241.71:8812,2023-03-31 09:20:27"
India,"103.162.189.228:57008,2023-04-06 04:47:12"
India,"103.162.189.228:57008,2023-04-06 04:49:06"
India,"49.204.227.181:45281,2023-04-06 13:19:15"
Ukraine,"95.214.235.135:47642,2023-04-07 06:01:35"
United States,"89.187.173.68:51318,2023-04-07 12:13:56"
United States,"89.187.173.68:51298,2023-04-07 12:13:56"
United States,"89.187.173.68:51304,2023-04-07 12:13:56"
United States,"89.187.173.68:51322,2023-04-07 12:13:56"
United States,"89.187.173.68:38858,2023-04-07 12:13:57"
United States,"89.187.173.68:38858,2023-04-07 12:13:59"
United States,"89.187.173.68:38858,2023-04-07 12:14:01"
United States,"89.187.173.68:38858,2023-04-07 12:14:03"
United States,"89.187.173.68:38858,2023-04-07 12:14:06"
United States,"89.187.173.68:38858,2023-04-07 12:14:07"
United States,"89.187.173.68:38858,2023-04-07 12:15:13"
United Kingdom,"195.181.164.34:46852,2023-04-07 12:16:08"
United Kingdom,"195.181.164.34:46852,2023-04-07 12:16:10"
United Kingdom,"195.181.164.34:46852,2023-04-07 12:16:11"
United Kingdom,"195.181.164.34:46852,2023-04-07 12:16:13"
United Kingdom,"195.181.164.34:46852,2023-04-07 12:16:14"
United Kingdom,"195.181.164.34:46852,2023-04-07 12:16:15"
United Kingdom,"195.181.164.34:46852,2023-04-07 12:16:16"
United Kingdom,"195.181.164.34:46852,2023-04-07 12:16:18"
United Kingdom,"195.181.164.34:46852,2023-04-07 12:16:19"
United Kingdom,"195.181.164.34:46852,2023-04-07 12:16:20"
United Kingdom,"195.181.164.34:46852,2023-04-07 12:16:21"
United Kingdom,"195.181.164.34:46852,2023-04-07 12:16:22"
United Kingdom,"195.181.164.34:46852,2023-04-07 12:16:23"
United Kingdom,"195.181.164.34:46852,2023-04-07 12:16:23"
United Kingdom,"195.181.164.34:46852,2023-04-07 12:16:24"
United Kingdom,"195.181.164.34:46852,2023-04-07 12:16:25"
Netherlands,"185.185.51.167:56844,2023-04-07 12:16:37"
Netherlands,"185.185.51.167:56844,2023-04-07 12:16:39"
Netherlands,"185.185.51.167:56844,2023-04-07 12:16:42"
Netherlands,"185.185.51.167:56844,2023-04-07 12:16:44"
Netherlands,"185.185.51.167:56844,2023-04-07 12:16:46"
Netherlands,"185.185.51.167:56844,2023-04-07 12:16:50"
Netherlands,"185.185.51.167:56844,2023-04-07 12:16:53"
Netherlands,"185.185.51.167:56844,2023-04-07 12:16:55"
Netherlands,"185.185.51.167:56844,2023-04-07 12:16:56"
Netherlands,"185.185.51.167:56844,2023-04-07 12:16:59"
Netherlands,"185.185.51.167:56844,2023-04-07 12:17:03"
Netherlands,"185.185.51.167:56844,2023-04-07 12:17:05"
Netherlands,"185.185.51.167:56844,2023-04-07 12:17:07"
Netherlands,"185.185.51.167:56844,2023-04-07 12:17:08"
Netherlands,"185.185.51.167:56844,2023-04-07 12:17:10"
Netherlands,"185.185.51.167:56844,2023-04-07 12:17:11"
Netherlands,"185.185.51.167:56844,2023-04-07 12:17:13"
Netherlands,"185.185.51.167:56844,2023-04-07 12:17:14"
Netherlands,"185.185.51.167:56844,2023-04-07 12:17:17"
Germany,"45.136.153.58:36104,2023-04-07 12:17:33"
Germany,"45.136.153.58:36120,2023-04-07 12:17:33"
Germany,"45.136.153.58:36120,2023-04-07 12:17:35"
Germany,"45.136.153.58:36120,2023-04-07 12:17:37"
Germany,"45.136.153.58:36120,2023-04-07 12:17:38"
Germany,"45.136.153.58:36120,2023-04-07 12:17:39"
Germany,"45.136.153.58:36120,2023-04-07 12:17:44"
Germany,"45.136.153.58:36120,2023-04-07 12:17:45"
Germany,"45.136.153.58:36120,2023-04-07 12:17:48"
Germany,"45.136.153.58:36120,2023-04-07 12:17:50"
Netherlands,"80.79.6.117:46132,2023-04-07 12:18:01"
Netherlands,"80.79.6.117:46132,2023-04-07 12:18:02"
Netherlands,"80.79.6.117:46132,2023-04-07 12:18:04"
Netherlands,"80.79.6.117:46132,2023-04-07 12:18:05"
Netherlands,"80.79.6.117:46132,2023-04-07 12:18:08"
Netherlands,"80.79.6.117:46132,2023-04-07 12:18:09"
Netherlands,"80.79.6.117:46132,2023-04-07 12:18:10"
Netherlands,"80.79.6.117:46132,2023-04-07 12:18:11"
